train_loss,epoch,step,val_loss
0.006909617688506842,49,49,
,50,50,0.006397070828825235
